,0_epi,0_pae,1_epi,1_pae,2_epi,2_pae,3_epi,3_pae,4_epi,4_pae,5_epi,5_pae
5x0t_A_B_E,/home/kkh517/submit_files/Project/inference_fullepi/inference_pdb/inference_pdbs_OnlyRigid_lj/5x0t_A_B_E/10th_epi_5x0t_A_B_E/10th_epi_5x0t_A_B_E_3_43.pdb,2.09207820892334,/home/kkh517/submit_files/Project/inference_fullepi/inference_pdb/inference_pdbs_OnlyRigid_lj/5x0t_A_B_E/49th_epi_5x0t_A_B_E/49th_epi_5x0t_A_B_E_3_43.pdb,4.3783955574035645,,,,,,,,
2w9e_H_L_A,/home/kkh517/submit_files/Project/inference_fullepi/inference_pdb/inference_pdbs_OnlyRigid_lj/2w9e_H_L_A/30th_epi_2w9e_H_L_A/30th_epi_2w9e_H_L_A_3_43.pdb,1.4500179290771484,/home/kkh517/submit_files/Project/inference_fullepi/inference_pdb/inference_pdbs_OnlyRigid_lj/2w9e_H_L_A/46th_epi_2w9e_H_L_A/46th_epi_2w9e_H_L_A_3_43.pdb,3.550011396408081,/home/kkh517/submit_files/Project/inference_fullepi/inference_pdb/inference_pdbs_OnlyRigid_lj/2w9e_H_L_A/22th_epi_2w9e_H_L_A/22th_epi_2w9e_H_L_A_3_43.pdb,3.660403251647949,,,,,,
1mlc_B_A_E,/home/kkh517/submit_files/Project/inference_fullepi/inference_pdb/inference_pdbs_OnlyRigid_lj/1mlc_B_A_E/96th_epi_1mlc_B_A_E/96th_epi_1mlc_B_A_E_3_43.pdb,3.0150222778320312,/home/kkh517/submit_files/Project/inference_fullepi/inference_pdb/inference_pdbs_OnlyRigid_lj/1mlc_B_A_E/95th_epi_1mlc_B_A_E/95th_epi_1mlc_B_A_E_3_43.pdb,3.8542704582214355,/home/kkh517/submit_files/Project/inference_fullepi/inference_pdb/inference_pdbs_OnlyRigid_lj/1mlc_B_A_E/54th_epi_1mlc_B_A_E/54th_epi_1mlc_B_A_E_3_43.pdb,4.1920318603515625,,,,,,
1s78_D_C_A,/home/kkh517/submit_files/Project/inference_fullepi/inference_pdb/inference_pdbs_OnlyRigid_lj/1s78_D_C_A/460th_epi_1s78_D_C_A/460th_epi_1s78_D_C_A_3_43.pdb,4.949642181396484,,,,,,,,,,
1ahw_B_A_C,/home/kkh517/submit_files/Project/inference_fullepi/inference_pdb/inference_pdbs_OnlyRigid_lj/1ahw_B_A_C/153th_epi_1ahw_B_A_C/153th_epi_1ahw_B_A_C_3_43.pdb,1.7152941226959229,/home/kkh517/submit_files/Project/inference_fullepi/inference_pdb/inference_pdbs_OnlyRigid_lj/1ahw_B_A_C/152th_epi_1ahw_B_A_C/152th_epi_1ahw_B_A_C_3_43.pdb,1.7798638343811035,/home/kkh517/submit_files/Project/inference_fullepi/inference_pdb/inference_pdbs_OnlyRigid_lj/1ahw_B_A_C/168th_epi_1ahw_B_A_C/168th_epi_1ahw_B_A_C_3_43.pdb,1.876805305480957,/home/kkh517/submit_files/Project/inference_fullepi/inference_pdb/inference_pdbs_OnlyRigid_lj/1ahw_B_A_C/167th_epi_1ahw_B_A_C/167th_epi_1ahw_B_A_C_3_43.pdb,2.7569785118103027,,,,
1dqj_B_A_C,/home/kkh517/submit_files/Project/inference_fullepi/inference_pdb/inference_pdbs_OnlyRigid_lj/1dqj_B_A_C/96th_epi_1dqj_B_A_C/96th_epi_1dqj_B_A_C_3_43.pdb,1.2719379663467407,,,,,,,,,,
5cba_A_B_E,/home/kkh517/submit_files/Project/inference_fullepi/inference_pdb/inference_pdbs_OnlyRigid_lj/5cba_A_B_E/28th_epi_5cba_A_B_E/28th_epi_5cba_A_B_E_3_43.pdb,1.2337844371795654,/home/kkh517/submit_files/Project/inference_fullepi/inference_pdb/inference_pdbs_OnlyRigid_lj/5cba_A_B_E/23th_epi_5cba_A_B_E/23th_epi_5cba_A_B_E_3_43.pdb,1.2846653461456299,/home/kkh517/submit_files/Project/inference_fullepi/inference_pdb/inference_pdbs_OnlyRigid_lj/5cba_A_B_E/31th_epi_5cba_A_B_E/31th_epi_5cba_A_B_E_3_43.pdb,1.3206861019134521,/home/kkh517/submit_files/Project/inference_fullepi/inference_pdb/inference_pdbs_OnlyRigid_lj/5cba_A_B_E/54th_epi_5cba_A_B_E/54th_epi_5cba_A_B_E_3_43.pdb,1.5889370441436768,/home/kkh517/submit_files/Project/inference_fullepi/inference_pdb/inference_pdbs_OnlyRigid_lj/5cba_A_B_E/68th_epi_5cba_A_B_E/68th_epi_5cba_A_B_E_3_43.pdb,4.163017749786377,/home/kkh517/submit_files/Project/inference_fullepi/inference_pdb/inference_pdbs_OnlyRigid_lj/5cba_A_B_E/69th_epi_5cba_A_B_E/69th_epi_5cba_A_B_E_3_43.pdb,4.163017749786377
6a0z_H_L_A,/home/kkh517/submit_files/Project/inference_fullepi/inference_pdb/inference_pdbs_OnlyRigid_lj/6a0z_H_L_A/284th_epi_6a0z_H_L_A/284th_epi_6a0z_H_L_A_3_43.pdb,2.717792272567749,/home/kkh517/submit_files/Project/inference_fullepi/inference_pdb/inference_pdbs_OnlyRigid_lj/6a0z_H_L_A/130th_epi_6a0z_H_L_A/130th_epi_6a0z_H_L_A_3_43.pdb,2.73880934715271,/home/kkh517/submit_files/Project/inference_fullepi/inference_pdb/inference_pdbs_OnlyRigid_lj/6a0z_H_L_A/39th_epi_6a0z_H_L_A/39th_epi_6a0z_H_L_A_3_43.pdb,2.82413911819458,/home/kkh517/submit_files/Project/inference_fullepi/inference_pdb/inference_pdbs_OnlyRigid_lj/6a0z_H_L_A/295th_epi_6a0z_H_L_A/295th_epi_6a0z_H_L_A_3_43.pdb,3.031954526901245,/home/kkh517/submit_files/Project/inference_fullepi/inference_pdb/inference_pdbs_OnlyRigid_lj/6a0z_H_L_A/289th_epi_6a0z_H_L_A/289th_epi_6a0z_H_L_A_3_43.pdb,3.1153252124786377,/home/kkh517/submit_files/Project/inference_fullepi/inference_pdb/inference_pdbs_OnlyRigid_lj/6a0z_H_L_A/285th_epi_6a0z_H_L_A/285th_epi_6a0z_H_L_A_3_43.pdb,3.1207468509674072
1vfb_B_A_C,/home/kkh517/submit_files/Project/inference_fullepi/inference_pdb/inference_pdbs_OnlyRigid_lj/1vfb_B_A_C/0th_epi_1vfb_B_A_C/0th_epi_1vfb_B_A_C_3_43.pdb,1.9399690628051758,/home/kkh517/submit_files/Project/inference_fullepi/inference_pdb/inference_pdbs_OnlyRigid_lj/1vfb_B_A_C/21th_epi_1vfb_B_A_C/21th_epi_1vfb_B_A_C_3_43.pdb,2.7345430850982666,/home/kkh517/submit_files/Project/inference_fullepi/inference_pdb/inference_pdbs_OnlyRigid_lj/1vfb_B_A_C/124th_epi_1vfb_B_A_C/124th_epi_1vfb_B_A_C_3_43.pdb,3.136382579803467,/home/kkh517/submit_files/Project/inference_fullepi/inference_pdb/inference_pdbs_OnlyRigid_lj/1vfb_B_A_C/125th_epi_1vfb_B_A_C/125th_epi_1vfb_B_A_C_3_43.pdb,3.2831132411956787,/home/kkh517/submit_files/Project/inference_fullepi/inference_pdb/inference_pdbs_OnlyRigid_lj/1vfb_B_A_C/123th_epi_1vfb_B_A_C/123th_epi_1vfb_B_A_C_3_43.pdb,3.3251919746398926,/home/kkh517/submit_files/Project/inference_fullepi/inference_pdb/inference_pdbs_OnlyRigid_lj/1vfb_B_A_C/115th_epi_1vfb_B_A_C/115th_epi_1vfb_B_A_C_3_43.pdb,3.822133779525757
3eoa_H_L_I,/home/kkh517/submit_files/Project/inference_fullepi/inference_pdb/inference_pdbs_OnlyRigid_lj/3eoa_H_L_I/69th_epi_3eoa_H_L_I/69th_epi_3eoa_H_L_I_3_43.pdb,1.8415019512176514,/home/kkh517/submit_files/Project/inference_fullepi/inference_pdb/inference_pdbs_OnlyRigid_lj/3eoa_H_L_I/70th_epi_3eoa_H_L_I/70th_epi_3eoa_H_L_I_3_43.pdb,2.3341777324676514,,,,,,,,
4pou_B_#_A,/home/kkh517/submit_files/Project/inference_fullepi/inference_pdb/inference_pdbs_OnlyRigid_lj/4pou_B_#_A/61th_epi_4pou_B_#_A/61th_epi_4pou_B_#_A_3_43.pdb,1.864608645439148,/home/kkh517/submit_files/Project/inference_fullepi/inference_pdb/inference_pdbs_OnlyRigid_lj/4pou_B_#_A/77th_epi_4pou_B_#_A/77th_epi_4pou_B_#_A_3_43.pdb,2.4617695808410645,/home/kkh517/submit_files/Project/inference_fullepi/inference_pdb/inference_pdbs_OnlyRigid_lj/4pou_B_#_A/60th_epi_4pou_B_#_A/60th_epi_4pou_B_#_A_3_43.pdb,2.5746734142303467,/home/kkh517/submit_files/Project/inference_fullepi/inference_pdb/inference_pdbs_OnlyRigid_lj/4pou_B_#_A/72th_epi_4pou_B_#_A/72th_epi_4pou_B_#_A_3_43.pdb,3.180673837661743,,,,
5wk3_W_V_D,/home/kkh517/submit_files/Project/inference_fullepi/inference_pdb/inference_pdbs_OnlyRigid_lj/5wk3_W_V_D/20th_epi_5wk3_W_V_D/20th_epi_5wk3_W_V_D_3_43.pdb,1.5017011165618896,/home/kkh517/submit_files/Project/inference_fullepi/inference_pdb/inference_pdbs_OnlyRigid_lj/5wk3_W_V_D/21th_epi_5wk3_W_V_D/21th_epi_5wk3_W_V_D_3_43.pdb,1.7060513496398926,/home/kkh517/submit_files/Project/inference_fullepi/inference_pdb/inference_pdbs_OnlyRigid_lj/5wk3_W_V_D/17th_epi_5wk3_W_V_D/17th_epi_5wk3_W_V_D_3_43.pdb,3.57358980178833,/home/kkh517/submit_files/Project/inference_fullepi/inference_pdb/inference_pdbs_OnlyRigid_lj/5wk3_W_V_D/49th_epi_5wk3_W_V_D/49th_epi_5wk3_W_V_D_3_43.pdb,4.543501853942871,/home/kkh517/submit_files/Project/inference_fullepi/inference_pdb/inference_pdbs_OnlyRigid_lj/5wk3_W_V_D/55th_epi_5wk3_W_V_D/55th_epi_5wk3_W_V_D_3_43.pdb,4.585448741912842,/home/kkh517/submit_files/Project/inference_fullepi/inference_pdb/inference_pdbs_OnlyRigid_lj/5wk3_W_V_D/57th_epi_5wk3_W_V_D/57th_epi_5wk3_W_V_D_3_43.pdb,4.690095901489258
2dd8_H_L_S,/home/kkh517/submit_files/Project/inference_fullepi/inference_pdb/inference_pdbs_OnlyRigid_lj/2dd8_H_L_S/174th_epi_2dd8_H_L_S/174th_epi_2dd8_H_L_S_3_43.pdb,2.385005474090576,,,,,,,,,,
4fqi_H_L_BA,/home/kkh517/submit_files/Project/inference_fullepi/inference_pdb/inference_pdbs_OnlyRigid_lj/4fqi_H_L_BA/209th_epi_4fqi_H_L_BA/209th_epi_4fqi_H_L_BA_3_43.pdb,4.6709885597229,/home/kkh517/submit_files/Project/inference_fullepi/inference_pdb/inference_pdbs_OnlyRigid_lj/4fqi_H_L_BA/20th_epi_4fqi_H_L_BA/20th_epi_4fqi_H_L_BA_3_43.pdb,4.732522010803223,/home/kkh517/submit_files/Project/inference_fullepi/inference_pdb/inference_pdbs_OnlyRigid_lj/4fqi_H_L_BA/35th_epi_4fqi_H_L_BA/35th_epi_4fqi_H_L_BA_3_43.pdb,4.782773494720459,/home/kkh517/submit_files/Project/inference_fullepi/inference_pdb/inference_pdbs_OnlyRigid_lj/4fqi_H_L_BA/18th_epi_4fqi_H_L_BA/18th_epi_4fqi_H_L_BA_3_43.pdb,4.787988662719727,/home/kkh517/submit_files/Project/inference_fullepi/inference_pdb/inference_pdbs_OnlyRigid_lj/4fqi_H_L_BA/19th_epi_4fqi_H_L_BA/19th_epi_4fqi_H_L_BA_3_43.pdb,4.796412944793701,/home/kkh517/submit_files/Project/inference_fullepi/inference_pdb/inference_pdbs_OnlyRigid_lj/4fqi_H_L_BA/21th_epi_4fqi_H_L_BA/21th_epi_4fqi_H_L_BA_3_43.pdb,4.798172950744629
5kov_C_c_A,/home/kkh517/submit_files/Project/inference_fullepi/inference_pdb/inference_pdbs_OnlyRigid_lj/5kov_C_c_A/31th_epi_5kov_C_c_A/31th_epi_5kov_C_c_A_3_43.pdb,1.5265134572982788,/home/kkh517/submit_files/Project/inference_fullepi/inference_pdb/inference_pdbs_OnlyRigid_lj/5kov_C_c_A/36th_epi_5kov_C_c_A/36th_epi_5kov_C_c_A_3_43.pdb,1.5604544878005981,/home/kkh517/submit_files/Project/inference_fullepi/inference_pdb/inference_pdbs_OnlyRigid_lj/5kov_C_c_A/34th_epi_5kov_C_c_A/34th_epi_5kov_C_c_A_3_43.pdb,1.5746996402740479,/home/kkh517/submit_files/Project/inference_fullepi/inference_pdb/inference_pdbs_OnlyRigid_lj/5kov_C_c_A/35th_epi_5kov_C_c_A/35th_epi_5kov_C_c_A_3_43.pdb,1.591375708580017,/home/kkh517/submit_files/Project/inference_fullepi/inference_pdb/inference_pdbs_OnlyRigid_lj/5kov_C_c_A/33th_epi_5kov_C_c_A/33th_epi_5kov_C_c_A_3_43.pdb,1.846104621887207,/home/kkh517/submit_files/Project/inference_fullepi/inference_pdb/inference_pdbs_OnlyRigid_lj/5kov_C_c_A/153th_epi_5kov_C_c_A/153th_epi_5kov_C_c_A_3_43.pdb,3.511496067047119
4g6j_H_L_A,/home/kkh517/submit_files/Project/inference_fullepi/inference_pdb/inference_pdbs_OnlyRigid_lj/4g6j_H_L_A/40th_epi_4g6j_H_L_A/40th_epi_4g6j_H_L_A_3_43.pdb,1.2902907133102417,/home/kkh517/submit_files/Project/inference_fullepi/inference_pdb/inference_pdbs_OnlyRigid_lj/4g6j_H_L_A/39th_epi_4g6j_H_L_A/39th_epi_4g6j_H_L_A_3_43.pdb,1.3942146301269531,/home/kkh517/submit_files/Project/inference_fullepi/inference_pdb/inference_pdbs_OnlyRigid_lj/4g6j_H_L_A/20th_epi_4g6j_H_L_A/20th_epi_4g6j_H_L_A_3_43.pdb,1.4624214172363281,/home/kkh517/submit_files/Project/inference_fullepi/inference_pdb/inference_pdbs_OnlyRigid_lj/4g6j_H_L_A/19th_epi_4g6j_H_L_A/19th_epi_4g6j_H_L_A_3_43.pdb,1.473109245300293,/home/kkh517/submit_files/Project/inference_fullepi/inference_pdb/inference_pdbs_OnlyRigid_lj/4g6j_H_L_A/18th_epi_4g6j_H_L_A/18th_epi_4g6j_H_L_A_3_43.pdb,1.541217565536499,/home/kkh517/submit_files/Project/inference_fullepi/inference_pdb/inference_pdbs_OnlyRigid_lj/4g6j_H_L_A/22th_epi_4g6j_H_L_A/22th_epi_4g6j_H_L_A_3_43.pdb,2.037379264831543
3se8_H_L_G,/home/kkh517/submit_files/Project/inference_fullepi/inference_pdb/inference_pdbs_OnlyRigid_lj/3se8_H_L_G/182th_epi_3se8_H_L_G/182th_epi_3se8_H_L_G_3_43.pdb,6.201721668243408,,,,,,,,,,
6dbg_C_#_B,/home/kkh517/submit_files/Project/inference_fullepi/inference_pdb/inference_pdbs_OnlyRigid_lj/6dbg_C_#_B/201th_epi_6dbg_C_#_B/201th_epi_6dbg_C_#_B_3_43.pdb,1.4956691265106201,/home/kkh517/submit_files/Project/inference_fullepi/inference_pdb/inference_pdbs_OnlyRigid_lj/6dbg_C_#_B/179th_epi_6dbg_C_#_B/179th_epi_6dbg_C_#_B_3_43.pdb,1.4967315196990967,/home/kkh517/submit_files/Project/inference_fullepi/inference_pdb/inference_pdbs_OnlyRigid_lj/6dbg_C_#_B/202th_epi_6dbg_C_#_B/202th_epi_6dbg_C_#_B_3_43.pdb,1.5099340677261353,/home/kkh517/submit_files/Project/inference_fullepi/inference_pdb/inference_pdbs_OnlyRigid_lj/6dbg_C_#_B/200th_epi_6dbg_C_#_B/200th_epi_6dbg_C_#_B_3_43.pdb,1.5132418870925903,/home/kkh517/submit_files/Project/inference_fullepi/inference_pdb/inference_pdbs_OnlyRigid_lj/6dbg_C_#_B/157th_epi_6dbg_C_#_B/157th_epi_6dbg_C_#_B_3_43.pdb,1.5177879333496094,/home/kkh517/submit_files/Project/inference_fullepi/inference_pdb/inference_pdbs_OnlyRigid_lj/6dbg_C_#_B/273th_epi_6dbg_C_#_B/273th_epi_6dbg_C_#_B_3_43.pdb,1.5204724073410034
6bpc_E_F_D,/home/kkh517/submit_files/Project/inference_fullepi/inference_pdb/inference_pdbs_OnlyRigid_lj/6bpc_E_F_D/72th_epi_6bpc_E_F_D/72th_epi_6bpc_E_F_D_3_43.pdb,5.965887069702148,,,,,,,,,,
4m5z_H_L_A,/home/kkh517/submit_files/Project/inference_fullepi/inference_pdb/inference_pdbs_OnlyRigid_lj/4m5z_H_L_A/87th_epi_4m5z_H_L_A/87th_epi_4m5z_H_L_A_3_43.pdb,1.833791971206665,/home/kkh517/submit_files/Project/inference_fullepi/inference_pdb/inference_pdbs_OnlyRigid_lj/4m5z_H_L_A/86th_epi_4m5z_H_L_A/86th_epi_4m5z_H_L_A_3_43.pdb,2.333585262298584,/home/kkh517/submit_files/Project/inference_fullepi/inference_pdb/inference_pdbs_OnlyRigid_lj/4m5z_H_L_A/85th_epi_4m5z_H_L_A/85th_epi_4m5z_H_L_A_3_43.pdb,2.793652296066284,/home/kkh517/submit_files/Project/inference_fullepi/inference_pdb/inference_pdbs_OnlyRigid_lj/4m5z_H_L_A/192th_epi_4m5z_H_L_A/192th_epi_4m5z_H_L_A_3_43.pdb,4.696931838989258,,,,
4gxu_M_N_A,/home/kkh517/submit_files/Project/inference_fullepi/inference_pdb/inference_pdbs_OnlyRigid_lj/4gxu_M_N_A/255th_epi_4gxu_M_N_A/255th_epi_4gxu_M_N_A_3_43.pdb,8.451900482177734,,,,,,,,,,
5whk_H_L_AB,/home/kkh517/submit_files/Project/inference_fullepi/inference_pdb/inference_pdbs_OnlyRigid_lj/5whk_H_L_AB/154th_epi_5whk_H_L_AB/154th_epi_5whk_H_L_AB_3_43.pdb,4.483595371246338,/home/kkh517/submit_files/Project/inference_fullepi/inference_pdb/inference_pdbs_OnlyRigid_lj/5whk_H_L_AB/147th_epi_5whk_H_L_AB/147th_epi_5whk_H_L_AB_3_43.pdb,4.542926788330078,,,,,,,,
4y7m_A_#_C,/home/kkh517/submit_files/Project/inference_fullepi/inference_pdb/inference_pdbs_OnlyRigid_lj/4y7m_A_#_C/246th_epi_4y7m_A_#_C/246th_epi_4y7m_A_#_C_3_43.pdb,1.8818788528442383,/home/kkh517/submit_files/Project/inference_fullepi/inference_pdb/inference_pdbs_OnlyRigid_lj/4y7m_A_#_C/245th_epi_4y7m_A_#_C/245th_epi_4y7m_A_#_C_3_43.pdb,2.0141189098358154,/home/kkh517/submit_files/Project/inference_fullepi/inference_pdb/inference_pdbs_OnlyRigid_lj/4y7m_A_#_C/252th_epi_4y7m_A_#_C/252th_epi_4y7m_A_#_C_3_43.pdb,2.9037728309631348,/home/kkh517/submit_files/Project/inference_fullepi/inference_pdb/inference_pdbs_OnlyRigid_lj/4y7m_A_#_C/160th_epi_4y7m_A_#_C/160th_epi_4y7m_A_#_C_3_43.pdb,2.9277119636535645,/home/kkh517/submit_files/Project/inference_fullepi/inference_pdb/inference_pdbs_OnlyRigid_lj/4y7m_A_#_C/254th_epi_4y7m_A_#_C/254th_epi_4y7m_A_#_C_3_43.pdb,2.9717299938201904,/home/kkh517/submit_files/Project/inference_fullepi/inference_pdb/inference_pdbs_OnlyRigid_lj/4y7m_A_#_C/117th_epi_4y7m_A_#_C/117th_epi_4y7m_A_#_C_3_43.pdb,3.166656017303467
3mxw_H_L_A,/home/kkh517/submit_files/Project/inference_fullepi/inference_pdb/inference_pdbs_OnlyRigid_lj/3mxw_H_L_A/151th_epi_3mxw_H_L_A/151th_epi_3mxw_H_L_A_3_43.pdb,1.4905294179916382,/home/kkh517/submit_files/Project/inference_fullepi/inference_pdb/inference_pdbs_OnlyRigid_lj/3mxw_H_L_A/118th_epi_3mxw_H_L_A/118th_epi_3mxw_H_L_A_3_43.pdb,1.5992615222930908,/home/kkh517/submit_files/Project/inference_fullepi/inference_pdb/inference_pdbs_OnlyRigid_lj/3mxw_H_L_A/153th_epi_3mxw_H_L_A/153th_epi_3mxw_H_L_A_3_43.pdb,1.9867172241210938,/home/kkh517/submit_files/Project/inference_fullepi/inference_pdb/inference_pdbs_OnlyRigid_lj/3mxw_H_L_A/14th_epi_3mxw_H_L_A/14th_epi_3mxw_H_L_A_3_43.pdb,4.184360027313232,,,,
5c7x_H_L_A,/home/kkh517/submit_files/Project/inference_fullepi/inference_pdb/inference_pdbs_OnlyRigid_lj/5c7x_H_L_A/119th_epi_5c7x_H_L_A/119th_epi_5c7x_H_L_A_3_43.pdb,1.2347733974456787,/home/kkh517/submit_files/Project/inference_fullepi/inference_pdb/inference_pdbs_OnlyRigid_lj/5c7x_H_L_A/12th_epi_5c7x_H_L_A/12th_epi_5c7x_H_L_A_3_43.pdb,1.2397992610931396,/home/kkh517/submit_files/Project/inference_fullepi/inference_pdb/inference_pdbs_OnlyRigid_lj/5c7x_H_L_A/118th_epi_5c7x_H_L_A/118th_epi_5c7x_H_L_A_3_43.pdb,1.2457740306854248,/home/kkh517/submit_files/Project/inference_fullepi/inference_pdb/inference_pdbs_OnlyRigid_lj/5c7x_H_L_A/86th_epi_5c7x_H_L_A/86th_epi_5c7x_H_L_A_3_43.pdb,1.252150297164917,/home/kkh517/submit_files/Project/inference_fullepi/inference_pdb/inference_pdbs_OnlyRigid_lj/5c7x_H_L_A/8th_epi_5c7x_H_L_A/8th_epi_5c7x_H_L_A_3_43.pdb,1.2702136039733887,/home/kkh517/submit_files/Project/inference_fullepi/inference_pdb/inference_pdbs_OnlyRigid_lj/5c7x_H_L_A/10th_epi_5c7x_H_L_A/10th_epi_5c7x_H_L_A_3_43.pdb,1.2803974151611328
6al0_H_L_A,/home/kkh517/submit_files/Project/inference_fullepi/inference_pdb/inference_pdbs_OnlyRigid_lj/6al0_H_L_A/160th_epi_6al0_H_L_A/160th_epi_6al0_H_L_A_3_43.pdb,1.9901732206344604,/home/kkh517/submit_files/Project/inference_fullepi/inference_pdb/inference_pdbs_OnlyRigid_lj/6al0_H_L_A/159th_epi_6al0_H_L_A/159th_epi_6al0_H_L_A_3_43.pdb,1.9982444047927856,/home/kkh517/submit_files/Project/inference_fullepi/inference_pdb/inference_pdbs_OnlyRigid_lj/6al0_H_L_A/154th_epi_6al0_H_L_A/154th_epi_6al0_H_L_A_3_43.pdb,2.0450632572174072,/home/kkh517/submit_files/Project/inference_fullepi/inference_pdb/inference_pdbs_OnlyRigid_lj/6al0_H_L_A/157th_epi_6al0_H_L_A/157th_epi_6al0_H_L_A_3_43.pdb,2.057338237762451,/home/kkh517/submit_files/Project/inference_fullepi/inference_pdb/inference_pdbs_OnlyRigid_lj/6al0_H_L_A/158th_epi_6al0_H_L_A/158th_epi_6al0_H_L_A_3_43.pdb,2.057338237762451,/home/kkh517/submit_files/Project/inference_fullepi/inference_pdb/inference_pdbs_OnlyRigid_lj/6al0_H_L_A/156th_epi_6al0_H_L_A/156th_epi_6al0_H_L_A_3_43.pdb,2.0758283138275146
5vnw_D_#_A,/home/kkh517/submit_files/Project/inference_fullepi/inference_pdb/inference_pdbs_OnlyRigid_lj/5vnw_D_#_A/120th_epi_5vnw_D_#_A/120th_epi_5vnw_D_#_A_3_43.pdb,3.813974380493164,/home/kkh517/submit_files/Project/inference_fullepi/inference_pdb/inference_pdbs_OnlyRigid_lj/5vnw_D_#_A/169th_epi_5vnw_D_#_A/169th_epi_5vnw_D_#_A_3_43.pdb,4.150013446807861,/home/kkh517/submit_files/Project/inference_fullepi/inference_pdb/inference_pdbs_OnlyRigid_lj/5vnw_D_#_A/119th_epi_5vnw_D_#_A/119th_epi_5vnw_D_#_A_3_43.pdb,4.470630645751953,/home/kkh517/submit_files/Project/inference_fullepi/inference_pdb/inference_pdbs_OnlyRigid_lj/5vnw_D_#_A/474th_epi_5vnw_D_#_A/474th_epi_5vnw_D_#_A_3_43.pdb,4.4972944259643555,/home/kkh517/submit_files/Project/inference_fullepi/inference_pdb/inference_pdbs_OnlyRigid_lj/5vnw_D_#_A/165th_epi_5vnw_D_#_A/165th_epi_5vnw_D_#_A_3_43.pdb,4.5295610427856445,/home/kkh517/submit_files/Project/inference_fullepi/inference_pdb/inference_pdbs_OnlyRigid_lj/5vnw_D_#_A/565th_epi_5vnw_D_#_A/565th_epi_5vnw_D_#_A_3_43.pdb,4.550075531005859
4dw2_H_L_U,/home/kkh517/submit_files/Project/inference_fullepi/inference_pdb/inference_pdbs_OnlyRigid_lj/4dw2_H_L_U/38th_epi_4dw2_H_L_U/38th_epi_4dw2_H_L_U_3_43.pdb,5.394991397857666,,,,,,,,,,
2fd6_H_L_U,/home/kkh517/submit_files/Project/inference_fullepi/inference_pdb/inference_pdbs_OnlyRigid_lj/2fd6_H_L_U/190th_epi_2fd6_H_L_U/190th_epi_2fd6_H_L_U_3_43.pdb,2.870962142944336,/home/kkh517/submit_files/Project/inference_fullepi/inference_pdb/inference_pdbs_OnlyRigid_lj/2fd6_H_L_U/48th_epi_2fd6_H_L_U/48th_epi_2fd6_H_L_U_3_43.pdb,4.472906112670898,/home/kkh517/submit_files/Project/inference_fullepi/inference_pdb/inference_pdbs_OnlyRigid_lj/2fd6_H_L_U/180th_epi_2fd6_H_L_U/180th_epi_2fd6_H_L_U_3_43.pdb,4.5970916748046875,/home/kkh517/submit_files/Project/inference_fullepi/inference_pdb/inference_pdbs_OnlyRigid_lj/2fd6_H_L_U/191th_epi_2fd6_H_L_U/191th_epi_2fd6_H_L_U_3_43.pdb,4.815446376800537,,,,
1e6j_H_L_P,/home/kkh517/submit_files/Project/inference_fullepi/inference_pdb/inference_pdbs_OnlyRigid_lj/1e6j_H_L_P/198th_epi_1e6j_H_L_P/198th_epi_1e6j_H_L_P_3_43.pdb,3.6710543632507324,/home/kkh517/submit_files/Project/inference_fullepi/inference_pdb/inference_pdbs_OnlyRigid_lj/1e6j_H_L_P/103th_epi_1e6j_H_L_P/103th_epi_1e6j_H_L_P_3_43.pdb,3.6819427013397217,/home/kkh517/submit_files/Project/inference_fullepi/inference_pdb/inference_pdbs_OnlyRigid_lj/1e6j_H_L_P/101th_epi_1e6j_H_L_P/101th_epi_1e6j_H_L_P_3_43.pdb,3.9524588584899902,/home/kkh517/submit_files/Project/inference_fullepi/inference_pdb/inference_pdbs_OnlyRigid_lj/1e6j_H_L_P/194th_epi_1e6j_H_L_P/194th_epi_1e6j_H_L_P_3_43.pdb,3.969789505004883,/home/kkh517/submit_files/Project/inference_fullepi/inference_pdb/inference_pdbs_OnlyRigid_lj/1e6j_H_L_P/59th_epi_1e6j_H_L_P/59th_epi_1e6j_H_L_P_3_43.pdb,4.791186809539795,,
4g6m_H_L_A,/home/kkh517/submit_files/Project/inference_fullepi/inference_pdb/inference_pdbs_OnlyRigid_lj/4g6m_H_L_A/96th_epi_4g6m_H_L_A/96th_epi_4g6m_H_L_A_3_43.pdb,1.3864424228668213,/home/kkh517/submit_files/Project/inference_fullepi/inference_pdb/inference_pdbs_OnlyRigid_lj/4g6m_H_L_A/95th_epi_4g6m_H_L_A/95th_epi_4g6m_H_L_A_3_43.pdb,1.395696759223938,/home/kkh517/submit_files/Project/inference_fullepi/inference_pdb/inference_pdbs_OnlyRigid_lj/4g6m_H_L_A/70th_epi_4g6m_H_L_A/70th_epi_4g6m_H_L_A_3_43.pdb,2.4106693267822266,/home/kkh517/submit_files/Project/inference_fullepi/inference_pdb/inference_pdbs_OnlyRigid_lj/4g6m_H_L_A/91th_epi_4g6m_H_L_A/91th_epi_4g6m_H_L_A_3_43.pdb,4.650489330291748,,,,
3v6z_A_B_F,/home/kkh517/submit_files/Project/inference_fullepi/inference_pdb/inference_pdbs_OnlyRigid_lj/3v6z_A_B_F/128th_epi_3v6z_A_B_F/128th_epi_3v6z_A_B_F_3_43.pdb,1.757893443107605,/home/kkh517/submit_files/Project/inference_fullepi/inference_pdb/inference_pdbs_OnlyRigid_lj/3v6z_A_B_F/132th_epi_3v6z_A_B_F/132th_epi_3v6z_A_B_F_3_43.pdb,1.8183954954147339,/home/kkh517/submit_files/Project/inference_fullepi/inference_pdb/inference_pdbs_OnlyRigid_lj/3v6z_A_B_F/49th_epi_3v6z_A_B_F/49th_epi_3v6z_A_B_F_3_43.pdb,3.9852921962738037,/home/kkh517/submit_files/Project/inference_fullepi/inference_pdb/inference_pdbs_OnlyRigid_lj/3v6z_A_B_F/51th_epi_3v6z_A_B_F/51th_epi_3v6z_A_B_F_3_43.pdb,4.770379066467285,,,,
1jps_H_L_T,/home/kkh517/submit_files/Project/inference_fullepi/inference_pdb/inference_pdbs_OnlyRigid_lj/1jps_H_L_T/153th_epi_1jps_H_L_T/153th_epi_1jps_H_L_T_3_43.pdb,1.508563756942749,/home/kkh517/submit_files/Project/inference_fullepi/inference_pdb/inference_pdbs_OnlyRigid_lj/1jps_H_L_T/152th_epi_1jps_H_L_T/152th_epi_1jps_H_L_T_3_43.pdb,1.5186183452606201,/home/kkh517/submit_files/Project/inference_fullepi/inference_pdb/inference_pdbs_OnlyRigid_lj/1jps_H_L_T/190th_epi_1jps_H_L_T/190th_epi_1jps_H_L_T_3_43.pdb,1.5261833667755127,/home/kkh517/submit_files/Project/inference_fullepi/inference_pdb/inference_pdbs_OnlyRigid_lj/1jps_H_L_T/168th_epi_1jps_H_L_T/168th_epi_1jps_H_L_T_3_43.pdb,1.5589662790298462,/home/kkh517/submit_files/Project/inference_fullepi/inference_pdb/inference_pdbs_OnlyRigid_lj/1jps_H_L_T/167th_epi_1jps_H_L_T/167th_epi_1jps_H_L_T_3_43.pdb,1.613153100013733,/home/kkh517/submit_files/Project/inference_fullepi/inference_pdb/inference_pdbs_OnlyRigid_lj/1jps_H_L_T/39th_epi_1jps_H_L_T/39th_epi_1jps_H_L_T_3_43.pdb,3.5002939701080322
6a77_H_L_A,/home/kkh517/submit_files/Project/inference_fullepi/inference_pdb/inference_pdbs_OnlyRigid_lj/6a77_H_L_A/58th_epi_6a77_H_L_A/58th_epi_6a77_H_L_A_3_43.pdb,1.18466317653656,/home/kkh517/submit_files/Project/inference_fullepi/inference_pdb/inference_pdbs_OnlyRigid_lj/6a77_H_L_A/20th_epi_6a77_H_L_A/20th_epi_6a77_H_L_A_3_43.pdb,1.2336807250976562,/home/kkh517/submit_files/Project/inference_fullepi/inference_pdb/inference_pdbs_OnlyRigid_lj/6a77_H_L_A/62th_epi_6a77_H_L_A/62th_epi_6a77_H_L_A_3_43.pdb,2.441119909286499,/home/kkh517/submit_files/Project/inference_fullepi/inference_pdb/inference_pdbs_OnlyRigid_lj/6a77_H_L_A/90th_epi_6a77_H_L_A/90th_epi_6a77_H_L_A_3_43.pdb,3.22379469871521,/home/kkh517/submit_files/Project/inference_fullepi/inference_pdb/inference_pdbs_OnlyRigid_lj/6a77_H_L_A/64th_epi_6a77_H_L_A/64th_epi_6a77_H_L_A_3_43.pdb,3.333934783935547,/home/kkh517/submit_files/Project/inference_fullepi/inference_pdb/inference_pdbs_OnlyRigid_lj/6a77_H_L_A/81th_epi_6a77_H_L_A/81th_epi_6a77_H_L_A_3_43.pdb,3.3373334407806396
5hys_C_D_JK,/home/kkh517/submit_files/Project/inference_fullepi/inference_pdb/inference_pdbs_OnlyRigid_lj/5hys_C_D_JK/196th_epi_5hys_C_D_JK/196th_epi_5hys_C_D_JK_3_43.pdb,4.195334434509277,/home/kkh517/submit_files/Project/inference_fullepi/inference_pdb/inference_pdbs_OnlyRigid_lj/5hys_C_D_JK/90th_epi_5hys_C_D_JK/90th_epi_5hys_C_D_JK_3_43.pdb,4.583376407623291,/home/kkh517/submit_files/Project/inference_fullepi/inference_pdb/inference_pdbs_OnlyRigid_lj/5hys_C_D_JK/52th_epi_5hys_C_D_JK/52th_epi_5hys_C_D_JK_3_43.pdb,4.732760906219482,/home/kkh517/submit_files/Project/inference_fullepi/inference_pdb/inference_pdbs_OnlyRigid_lj/5hys_C_D_JK/51th_epi_5hys_C_D_JK/51th_epi_5hys_C_D_JK_3_43.pdb,4.781735897064209,/home/kkh517/submit_files/Project/inference_fullepi/inference_pdb/inference_pdbs_OnlyRigid_lj/5hys_C_D_JK/53th_epi_5hys_C_D_JK/53th_epi_5hys_C_D_JK_3_43.pdb,4.796716213226318,/home/kkh517/submit_files/Project/inference_fullepi/inference_pdb/inference_pdbs_OnlyRigid_lj/5hys_C_D_JK/56th_epi_5hys_C_D_JK/56th_epi_5hys_C_D_JK_3_43.pdb,4.982411861419678
5wux_H_L_E,/home/kkh517/submit_files/Project/inference_fullepi/inference_pdb/inference_pdbs_OnlyRigid_lj/5wux_H_L_E/86th_epi_5wux_H_L_E/86th_epi_5wux_H_L_E_3_43.pdb,1.7227306365966797,/home/kkh517/submit_files/Project/inference_fullepi/inference_pdb/inference_pdbs_OnlyRigid_lj/5wux_H_L_E/39th_epi_5wux_H_L_E/39th_epi_5wux_H_L_E_3_43.pdb,2.802008867263794,/home/kkh517/submit_files/Project/inference_fullepi/inference_pdb/inference_pdbs_OnlyRigid_lj/5wux_H_L_E/135th_epi_5wux_H_L_E/135th_epi_5wux_H_L_E_3_43.pdb,2.816596031188965,/home/kkh517/submit_files/Project/inference_fullepi/inference_pdb/inference_pdbs_OnlyRigid_lj/5wux_H_L_E/136th_epi_5wux_H_L_E/136th_epi_5wux_H_L_E_3_43.pdb,2.8465709686279297,/home/kkh517/submit_files/Project/inference_fullepi/inference_pdb/inference_pdbs_OnlyRigid_lj/5wux_H_L_E/98th_epi_5wux_H_L_E/98th_epi_5wux_H_L_E_3_43.pdb,4.353634834289551,/home/kkh517/submit_files/Project/inference_fullepi/inference_pdb/inference_pdbs_OnlyRigid_lj/5wux_H_L_E/41th_epi_5wux_H_L_E/41th_epi_5wux_H_L_E_3_43.pdb,4.891958236694336
3l5w_H_L_I,/home/kkh517/submit_files/Project/inference_fullepi/inference_pdb/inference_pdbs_OnlyRigid_lj/3l5w_H_L_I/106th_epi_3l5w_H_L_I/106th_epi_3l5w_H_L_I_3_43.pdb,1.5289450883865356,/home/kkh517/submit_files/Project/inference_fullepi/inference_pdb/inference_pdbs_OnlyRigid_lj/3l5w_H_L_I/103th_epi_3l5w_H_L_I/103th_epi_3l5w_H_L_I_3_43.pdb,1.5373189449310303,/home/kkh517/submit_files/Project/inference_fullepi/inference_pdb/inference_pdbs_OnlyRigid_lj/3l5w_H_L_I/107th_epi_3l5w_H_L_I/107th_epi_3l5w_H_L_I_3_43.pdb,1.5950013399124146,/home/kkh517/submit_files/Project/inference_fullepi/inference_pdb/inference_pdbs_OnlyRigid_lj/3l5w_H_L_I/108th_epi_3l5w_H_L_I/108th_epi_3l5w_H_L_I_3_43.pdb,1.595799207687378,/home/kkh517/submit_files/Project/inference_fullepi/inference_pdb/inference_pdbs_OnlyRigid_lj/3l5w_H_L_I/105th_epi_3l5w_H_L_I/105th_epi_3l5w_H_L_I_3_43.pdb,1.5962717533111572,/home/kkh517/submit_files/Project/inference_fullepi/inference_pdb/inference_pdbs_OnlyRigid_lj/3l5w_H_L_I/109th_epi_3l5w_H_L_I/109th_epi_3l5w_H_L_I_3_43.pdb,1.603818655014038
4etq_H_L_C,/home/kkh517/submit_files/Project/inference_fullepi/inference_pdb/inference_pdbs_OnlyRigid_lj/4etq_H_L_C/173th_epi_4etq_H_L_C/173th_epi_4etq_H_L_C_3_43.pdb,1.525286078453064,/home/kkh517/submit_files/Project/inference_fullepi/inference_pdb/inference_pdbs_OnlyRigid_lj/4etq_H_L_C/174th_epi_4etq_H_L_C/174th_epi_4etq_H_L_C_3_43.pdb,1.526505470275879,/home/kkh517/submit_files/Project/inference_fullepi/inference_pdb/inference_pdbs_OnlyRigid_lj/4etq_H_L_C/175th_epi_4etq_H_L_C/175th_epi_4etq_H_L_C_3_43.pdb,1.5417964458465576,/home/kkh517/submit_files/Project/inference_fullepi/inference_pdb/inference_pdbs_OnlyRigid_lj/4etq_H_L_C/41th_epi_4etq_H_L_C/41th_epi_4etq_H_L_C_3_43.pdb,1.6037870645523071,/home/kkh517/submit_files/Project/inference_fullepi/inference_pdb/inference_pdbs_OnlyRigid_lj/4etq_H_L_C/42th_epi_4etq_H_L_C/42th_epi_4etq_H_L_C_3_43.pdb,1.7567487955093384,/home/kkh517/submit_files/Project/inference_fullepi/inference_pdb/inference_pdbs_OnlyRigid_lj/4etq_H_L_C/40th_epi_4etq_H_L_C/40th_epi_4etq_H_L_C_3_43.pdb,1.8218928575515747
3g6d_H_L_A,/home/kkh517/submit_files/Project/inference_fullepi/inference_pdb/inference_pdbs_OnlyRigid_lj/3g6d_H_L_A/17th_epi_3g6d_H_L_A/17th_epi_3g6d_H_L_A_3_43.pdb,1.4202382564544678,/home/kkh517/submit_files/Project/inference_fullepi/inference_pdb/inference_pdbs_OnlyRigid_lj/3g6d_H_L_A/18th_epi_3g6d_H_L_A/18th_epi_3g6d_H_L_A_3_43.pdb,1.491040825843811,/home/kkh517/submit_files/Project/inference_fullepi/inference_pdb/inference_pdbs_OnlyRigid_lj/3g6d_H_L_A/106th_epi_3g6d_H_L_A/106th_epi_3g6d_H_L_A_3_43.pdb,1.5097193717956543,/home/kkh517/submit_files/Project/inference_fullepi/inference_pdb/inference_pdbs_OnlyRigid_lj/3g6d_H_L_A/14th_epi_3g6d_H_L_A/14th_epi_3g6d_H_L_A_3_43.pdb,1.5114209651947021,/home/kkh517/submit_files/Project/inference_fullepi/inference_pdb/inference_pdbs_OnlyRigid_lj/3g6d_H_L_A/99th_epi_3g6d_H_L_A/99th_epi_3g6d_H_L_A_3_43.pdb,1.5510839223861694,/home/kkh517/submit_files/Project/inference_fullepi/inference_pdb/inference_pdbs_OnlyRigid_lj/3g6d_H_L_A/13th_epi_3g6d_H_L_A/13th_epi_3g6d_H_L_A_3_43.pdb,1.5785768032073975
5vpg_D_C_A,/home/kkh517/submit_files/Project/inference_fullepi/inference_pdb/inference_pdbs_OnlyRigid_lj/5vpg_D_C_A/202th_epi_5vpg_D_C_A/202th_epi_5vpg_D_C_A_3_43.pdb,2.589590311050415,/home/kkh517/submit_files/Project/inference_fullepi/inference_pdb/inference_pdbs_OnlyRigid_lj/5vpg_D_C_A/187th_epi_5vpg_D_C_A/187th_epi_5vpg_D_C_A_3_43.pdb,2.8757431507110596,/home/kkh517/submit_files/Project/inference_fullepi/inference_pdb/inference_pdbs_OnlyRigid_lj/5vpg_D_C_A/186th_epi_5vpg_D_C_A/186th_epi_5vpg_D_C_A_3_43.pdb,3.097625970840454,/home/kkh517/submit_files/Project/inference_fullepi/inference_pdb/inference_pdbs_OnlyRigid_lj/5vpg_D_C_A/155th_epi_5vpg_D_C_A/155th_epi_5vpg_D_C_A_3_43.pdb,4.012081623077393,/home/kkh517/submit_files/Project/inference_fullepi/inference_pdb/inference_pdbs_OnlyRigid_lj/5vpg_D_C_A/63th_epi_5vpg_D_C_A/63th_epi_5vpg_D_C_A_3_43.pdb,4.642577648162842,,
3rjq_B_#_A,/home/kkh517/submit_files/Project/inference_fullepi/inference_pdb/inference_pdbs_OnlyRigid_lj/3rjq_B_#_A/265th_epi_3rjq_B_#_A/265th_epi_3rjq_B_#_A_3_43.pdb,1.604528784751892,/home/kkh517/submit_files/Project/inference_fullepi/inference_pdb/inference_pdbs_OnlyRigid_lj/3rjq_B_#_A/272th_epi_3rjq_B_#_A/272th_epi_3rjq_B_#_A_3_43.pdb,1.7550820112228394,/home/kkh517/submit_files/Project/inference_fullepi/inference_pdb/inference_pdbs_OnlyRigid_lj/3rjq_B_#_A/173th_epi_3rjq_B_#_A/173th_epi_3rjq_B_#_A_3_43.pdb,2.7105329036712646,/home/kkh517/submit_files/Project/inference_fullepi/inference_pdb/inference_pdbs_OnlyRigid_lj/3rjq_B_#_A/29th_epi_3rjq_B_#_A/29th_epi_3rjq_B_#_A_3_43.pdb,2.9914474487304688,/home/kkh517/submit_files/Project/inference_fullepi/inference_pdb/inference_pdbs_OnlyRigid_lj/3rjq_B_#_A/30th_epi_3rjq_B_#_A/30th_epi_3rjq_B_#_A_3_43.pdb,3.052058696746826,/home/kkh517/submit_files/Project/inference_fullepi/inference_pdb/inference_pdbs_OnlyRigid_lj/3rjq_B_#_A/130th_epi_3rjq_B_#_A/130th_epi_3rjq_B_#_A_3_43.pdb,3.3847436904907227
5y9j_H_L_A,/home/kkh517/submit_files/Project/inference_fullepi/inference_pdb/inference_pdbs_OnlyRigid_lj/5y9j_H_L_A/131th_epi_5y9j_H_L_A/131th_epi_5y9j_H_L_A_3_43.pdb,1.5923519134521484,/home/kkh517/submit_files/Project/inference_fullepi/inference_pdb/inference_pdbs_OnlyRigid_lj/5y9j_H_L_A/130th_epi_5y9j_H_L_A/130th_epi_5y9j_H_L_A_3_43.pdb,3.9338409900665283,/home/kkh517/submit_files/Project/inference_fullepi/inference_pdb/inference_pdbs_OnlyRigid_lj/5y9j_H_L_A/50th_epi_5y9j_H_L_A/50th_epi_5y9j_H_L_A_3_43.pdb,4.416190147399902,,,,,,
3wd5_H_L_A,/home/kkh517/submit_files/Project/inference_fullepi/inference_pdb/inference_pdbs_OnlyRigid_lj/3wd5_H_L_A/120th_epi_3wd5_H_L_A/120th_epi_3wd5_H_L_A_3_43.pdb,2.739567756652832,,,,,,,,,,
6cwg_B_#_A,/home/kkh517/submit_files/Project/inference_fullepi/inference_pdb/inference_pdbs_OnlyRigid_lj/6cwg_B_#_A/115th_epi_6cwg_B_#_A/115th_epi_6cwg_B_#_A_3_43.pdb,1.9069815874099731,/home/kkh517/submit_files/Project/inference_fullepi/inference_pdb/inference_pdbs_OnlyRigid_lj/6cwg_B_#_A/117th_epi_6cwg_B_#_A/117th_epi_6cwg_B_#_A_3_43.pdb,1.9208894968032837,/home/kkh517/submit_files/Project/inference_fullepi/inference_pdb/inference_pdbs_OnlyRigid_lj/6cwg_B_#_A/116th_epi_6cwg_B_#_A/116th_epi_6cwg_B_#_A_3_43.pdb,1.9272602796554565,/home/kkh517/submit_files/Project/inference_fullepi/inference_pdb/inference_pdbs_OnlyRigid_lj/6cwg_B_#_A/91th_epi_6cwg_B_#_A/91th_epi_6cwg_B_#_A_3_43.pdb,1.959701418876648,/home/kkh517/submit_files/Project/inference_fullepi/inference_pdb/inference_pdbs_OnlyRigid_lj/6cwg_B_#_A/92th_epi_6cwg_B_#_A/92th_epi_6cwg_B_#_A_3_43.pdb,1.960378646850586,/home/kkh517/submit_files/Project/inference_fullepi/inference_pdb/inference_pdbs_OnlyRigid_lj/6cwg_B_#_A/118th_epi_6cwg_B_#_A/118th_epi_6cwg_B_#_A_3_43.pdb,2.0298967361450195
2vis_B_A_C,/home/kkh517/submit_files/Project/inference_fullepi/inference_pdb/inference_pdbs_OnlyRigid_lj/2vis_B_A_C/127th_epi_2vis_B_A_C/127th_epi_2vis_B_A_C_3_43.pdb,2.3374969959259033,/home/kkh517/submit_files/Project/inference_fullepi/inference_pdb/inference_pdbs_OnlyRigid_lj/2vis_B_A_C/103th_epi_2vis_B_A_C/103th_epi_2vis_B_A_C_3_43.pdb,2.4229743480682373,/home/kkh517/submit_files/Project/inference_fullepi/inference_pdb/inference_pdbs_OnlyRigid_lj/2vis_B_A_C/104th_epi_2vis_B_A_C/104th_epi_2vis_B_A_C_3_43.pdb,2.4850246906280518,/home/kkh517/submit_files/Project/inference_fullepi/inference_pdb/inference_pdbs_OnlyRigid_lj/2vis_B_A_C/130th_epi_2vis_B_A_C/130th_epi_2vis_B_A_C_3_43.pdb,2.778546094894409,/home/kkh517/submit_files/Project/inference_fullepi/inference_pdb/inference_pdbs_OnlyRigid_lj/2vis_B_A_C/70th_epi_2vis_B_A_C/70th_epi_2vis_B_A_C_3_43.pdb,4.197783946990967,/home/kkh517/submit_files/Project/inference_fullepi/inference_pdb/inference_pdbs_OnlyRigid_lj/2vis_B_A_C/234th_epi_2vis_B_A_C/234th_epi_2vis_B_A_C_3_43.pdb,4.624139785766602
3u7y_H_L_G,/home/kkh517/submit_files/Project/inference_fullepi/inference_pdb/inference_pdbs_OnlyRigid_lj/3u7y_H_L_G/316th_epi_3u7y_H_L_G/316th_epi_3u7y_H_L_G_3_43.pdb,1.723173975944519,/home/kkh517/submit_files/Project/inference_fullepi/inference_pdb/inference_pdbs_OnlyRigid_lj/3u7y_H_L_G/163th_epi_3u7y_H_L_G/163th_epi_3u7y_H_L_G_3_43.pdb,1.7319048643112183,/home/kkh517/submit_files/Project/inference_fullepi/inference_pdb/inference_pdbs_OnlyRigid_lj/3u7y_H_L_G/314th_epi_3u7y_H_L_G/314th_epi_3u7y_H_L_G_3_43.pdb,1.8745214939117432,/home/kkh517/submit_files/Project/inference_fullepi/inference_pdb/inference_pdbs_OnlyRigid_lj/3u7y_H_L_G/164th_epi_3u7y_H_L_G/164th_epi_3u7y_H_L_G_3_43.pdb,1.8919858932495117,/home/kkh517/submit_files/Project/inference_fullepi/inference_pdb/inference_pdbs_OnlyRigid_lj/3u7y_H_L_G/112th_epi_3u7y_H_L_G/112th_epi_3u7y_H_L_G_3_43.pdb,2.7309153079986572,/home/kkh517/submit_files/Project/inference_fullepi/inference_pdb/inference_pdbs_OnlyRigid_lj/3u7y_H_L_G/113th_epi_3u7y_H_L_G/113th_epi_3u7y_H_L_G_3_43.pdb,3.0089454650878906
4dn4_H_L_M,/home/kkh517/submit_files/Project/inference_fullepi/inference_pdb/inference_pdbs_OnlyRigid_lj/4dn4_H_L_M/23th_epi_4dn4_H_L_M/23th_epi_4dn4_H_L_M_3_43.pdb,1.354822039604187,/home/kkh517/submit_files/Project/inference_fullepi/inference_pdb/inference_pdbs_OnlyRigid_lj/4dn4_H_L_M/24th_epi_4dn4_H_L_M/24th_epi_4dn4_H_L_M_3_43.pdb,1.358097791671753,/home/kkh517/submit_files/Project/inference_fullepi/inference_pdb/inference_pdbs_OnlyRigid_lj/4dn4_H_L_M/22th_epi_4dn4_H_L_M/22th_epi_4dn4_H_L_M_3_43.pdb,1.3687701225280762,/home/kkh517/submit_files/Project/inference_fullepi/inference_pdb/inference_pdbs_OnlyRigid_lj/4dn4_H_L_M/44th_epi_4dn4_H_L_M/44th_epi_4dn4_H_L_M_3_43.pdb,1.426185965538025,/home/kkh517/submit_files/Project/inference_fullepi/inference_pdb/inference_pdbs_OnlyRigid_lj/4dn4_H_L_M/48th_epi_4dn4_H_L_M/48th_epi_4dn4_H_L_M_3_43.pdb,1.4420000314712524,/home/kkh517/submit_files/Project/inference_fullepi/inference_pdb/inference_pdbs_OnlyRigid_lj/4dn4_H_L_M/46th_epi_4dn4_H_L_M/46th_epi_4dn4_H_L_M_3_43.pdb,1.4515546560287476
5jmo_D_#_B,/home/kkh517/submit_files/Project/inference_fullepi/inference_pdb/inference_pdbs_OnlyRigid_lj/5jmo_D_#_B/215th_epi_5jmo_D_#_B/215th_epi_5jmo_D_#_B_3_43.pdb,2.4203436374664307,/home/kkh517/submit_files/Project/inference_fullepi/inference_pdb/inference_pdbs_OnlyRigid_lj/5jmo_D_#_B/176th_epi_5jmo_D_#_B/176th_epi_5jmo_D_#_B_3_43.pdb,2.474414587020874,/home/kkh517/submit_files/Project/inference_fullepi/inference_pdb/inference_pdbs_OnlyRigid_lj/5jmo_D_#_B/98th_epi_5jmo_D_#_B/98th_epi_5jmo_D_#_B_3_43.pdb,2.913508653640747,/home/kkh517/submit_files/Project/inference_fullepi/inference_pdb/inference_pdbs_OnlyRigid_lj/5jmo_D_#_B/279th_epi_5jmo_D_#_B/279th_epi_5jmo_D_#_B_3_43.pdb,3.0146560668945312,/home/kkh517/submit_files/Project/inference_fullepi/inference_pdb/inference_pdbs_OnlyRigid_lj/5jmo_D_#_B/412th_epi_5jmo_D_#_B/412th_epi_5jmo_D_#_B_3_43.pdb,3.1100330352783203,/home/kkh517/submit_files/Project/inference_fullepi/inference_pdb/inference_pdbs_OnlyRigid_lj/5jmo_D_#_B/174th_epi_5jmo_D_#_B/174th_epi_5jmo_D_#_B_3_43.pdb,3.2324554920196533
2fjg_H_L_VW,/home/kkh517/submit_files/Project/inference_fullepi/inference_pdb/inference_pdbs_OnlyRigid_lj/2fjg_H_L_VW/52th_epi_2fjg_H_L_VW/52th_epi_2fjg_H_L_VW_3_43.pdb,2.2256953716278076,/home/kkh517/submit_files/Project/inference_fullepi/inference_pdb/inference_pdbs_OnlyRigid_lj/2fjg_H_L_VW/54th_epi_2fjg_H_L_VW/54th_epi_2fjg_H_L_VW_3_43.pdb,2.4197545051574707,/home/kkh517/submit_files/Project/inference_fullepi/inference_pdb/inference_pdbs_OnlyRigid_lj/2fjg_H_L_VW/55th_epi_2fjg_H_L_VW/55th_epi_2fjg_H_L_VW_3_43.pdb,2.8630049228668213,,,,,,
3mj9_H_L_A,/home/kkh517/submit_files/Project/inference_fullepi/inference_pdb/inference_pdbs_OnlyRigid_lj/3mj9_H_L_A/170th_epi_3mj9_H_L_A/170th_epi_3mj9_H_L_A_3_43.pdb,1.8804264068603516,/home/kkh517/submit_files/Project/inference_fullepi/inference_pdb/inference_pdbs_OnlyRigid_lj/3mj9_H_L_A/171th_epi_3mj9_H_L_A/171th_epi_3mj9_H_L_A_3_43.pdb,2.148380994796753,/home/kkh517/submit_files/Project/inference_fullepi/inference_pdb/inference_pdbs_OnlyRigid_lj/3mj9_H_L_A/173th_epi_3mj9_H_L_A/173th_epi_3mj9_H_L_A_3_43.pdb,2.248905658721924,/home/kkh517/submit_files/Project/inference_fullepi/inference_pdb/inference_pdbs_OnlyRigid_lj/3mj9_H_L_A/175th_epi_3mj9_H_L_A/175th_epi_3mj9_H_L_A_3_43.pdb,2.272106885910034,/home/kkh517/submit_files/Project/inference_fullepi/inference_pdb/inference_pdbs_OnlyRigid_lj/3mj9_H_L_A/172th_epi_3mj9_H_L_A/172th_epi_3mj9_H_L_A_3_43.pdb,2.442868947982788,/home/kkh517/submit_files/Project/inference_fullepi/inference_pdb/inference_pdbs_OnlyRigid_lj/3mj9_H_L_A/174th_epi_3mj9_H_L_A/174th_epi_3mj9_H_L_A_3_43.pdb,2.4629623889923096
2i25_N_#_L,/home/kkh517/submit_files/Project/inference_fullepi/inference_pdb/inference_pdbs_OnlyRigid_lj/2i25_N_#_L/57th_epi_2i25_N_#_L/57th_epi_2i25_N_#_L_3_43.pdb,2.042884588241577,/home/kkh517/submit_files/Project/inference_fullepi/inference_pdb/inference_pdbs_OnlyRigid_lj/2i25_N_#_L/58th_epi_2i25_N_#_L/58th_epi_2i25_N_#_L_3_43.pdb,2.069136142730713,/home/kkh517/submit_files/Project/inference_fullepi/inference_pdb/inference_pdbs_OnlyRigid_lj/2i25_N_#_L/106th_epi_2i25_N_#_L/106th_epi_2i25_N_#_L_3_43.pdb,2.1340279579162598,/home/kkh517/submit_files/Project/inference_fullepi/inference_pdb/inference_pdbs_OnlyRigid_lj/2i25_N_#_L/107th_epi_2i25_N_#_L/107th_epi_2i25_N_#_L_3_43.pdb,2.1560516357421875,/home/kkh517/submit_files/Project/inference_fullepi/inference_pdb/inference_pdbs_OnlyRigid_lj/2i25_N_#_L/105th_epi_2i25_N_#_L/105th_epi_2i25_N_#_L_3_43.pdb,2.2463948726654053,,
5grj_H_L_A,/home/kkh517/submit_files/Project/inference_fullepi/inference_pdb/inference_pdbs_OnlyRigid_lj/5grj_H_L_A/40th_epi_5grj_H_L_A/40th_epi_5grj_H_L_A_3_43.pdb,1.8011871576309204,/home/kkh517/submit_files/Project/inference_fullepi/inference_pdb/inference_pdbs_OnlyRigid_lj/5grj_H_L_A/45th_epi_5grj_H_L_A/45th_epi_5grj_H_L_A_3_43.pdb,1.818105936050415,/home/kkh517/submit_files/Project/inference_fullepi/inference_pdb/inference_pdbs_OnlyRigid_lj/5grj_H_L_A/43th_epi_5grj_H_L_A/43th_epi_5grj_H_L_A_3_43.pdb,1.825405240058899,/home/kkh517/submit_files/Project/inference_fullepi/inference_pdb/inference_pdbs_OnlyRigid_lj/5grj_H_L_A/42th_epi_5grj_H_L_A/42th_epi_5grj_H_L_A_3_43.pdb,1.8358434438705444,/home/kkh517/submit_files/Project/inference_fullepi/inference_pdb/inference_pdbs_OnlyRigid_lj/5grj_H_L_A/44th_epi_5grj_H_L_A/44th_epi_5grj_H_L_A_3_43.pdb,1.8423662185668945,/home/kkh517/submit_files/Project/inference_fullepi/inference_pdb/inference_pdbs_OnlyRigid_lj/5grj_H_L_A/41th_epi_5grj_H_L_A/41th_epi_5grj_H_L_A_3_43.pdb,2.7226650714874268
3hi6_X_Y_B,/home/kkh517/submit_files/Project/inference_fullepi/inference_pdb/inference_pdbs_OnlyRigid_lj/3hi6_X_Y_B/29th_epi_3hi6_X_Y_B/29th_epi_3hi6_X_Y_B_3_43.pdb,3.391362190246582,,,,,,,,,,
5o14_H_L_A,/home/kkh517/submit_files/Project/inference_fullepi/inference_pdb/inference_pdbs_OnlyRigid_lj/5o14_H_L_A/181th_epi_5o14_H_L_A/181th_epi_5o14_H_L_A_3_43.pdb,1.6486821174621582,/home/kkh517/submit_files/Project/inference_fullepi/inference_pdb/inference_pdbs_OnlyRigid_lj/5o14_H_L_A/198th_epi_5o14_H_L_A/198th_epi_5o14_H_L_A_3_43.pdb,4.623941421508789,/home/kkh517/submit_files/Project/inference_fullepi/inference_pdb/inference_pdbs_OnlyRigid_lj/5o14_H_L_A/197th_epi_5o14_H_L_A/197th_epi_5o14_H_L_A_3_43.pdb,4.650811195373535,,,,,,
4m3k_B_#_A,/home/kkh517/submit_files/Project/inference_fullepi/inference_pdb/inference_pdbs_OnlyRigid_lj/4m3k_B_#_A/203th_epi_4m3k_B_#_A/203th_epi_4m3k_B_#_A_3_43.pdb,3.9638168811798096,/home/kkh517/submit_files/Project/inference_fullepi/inference_pdb/inference_pdbs_OnlyRigid_lj/4m3k_B_#_A/7th_epi_4m3k_B_#_A/7th_epi_4m3k_B_#_A_3_43.pdb,3.996793270111084,/home/kkh517/submit_files/Project/inference_fullepi/inference_pdb/inference_pdbs_OnlyRigid_lj/4m3k_B_#_A/8th_epi_4m3k_B_#_A/8th_epi_4m3k_B_#_A_3_43.pdb,4.26582670211792,/home/kkh517/submit_files/Project/inference_fullepi/inference_pdb/inference_pdbs_OnlyRigid_lj/4m3k_B_#_A/198th_epi_4m3k_B_#_A/198th_epi_4m3k_B_#_A_3_43.pdb,4.352019786834717,,,,
1wej_H_L_F,/home/kkh517/submit_files/Project/inference_fullepi/inference_pdb/inference_pdbs_OnlyRigid_lj/1wej_H_L_F/72th_epi_1wej_H_L_F/72th_epi_1wej_H_L_F_3_43.pdb,2.9963393211364746,/home/kkh517/submit_files/Project/inference_fullepi/inference_pdb/inference_pdbs_OnlyRigid_lj/1wej_H_L_F/36th_epi_1wej_H_L_F/36th_epi_1wej_H_L_F_3_43.pdb,3.4574573040008545,/home/kkh517/submit_files/Project/inference_fullepi/inference_pdb/inference_pdbs_OnlyRigid_lj/1wej_H_L_F/51th_epi_1wej_H_L_F/51th_epi_1wej_H_L_F_3_43.pdb,3.906067132949829,/home/kkh517/submit_files/Project/inference_fullepi/inference_pdb/inference_pdbs_OnlyRigid_lj/1wej_H_L_F/48th_epi_1wej_H_L_F/48th_epi_1wej_H_L_F_3_43.pdb,4.650146007537842,,,,
5e5m_B_#_A,/home/kkh517/submit_files/Project/inference_fullepi/inference_pdb/inference_pdbs_OnlyRigid_lj/5e5m_B_#_A/96th_epi_5e5m_B_#_A/96th_epi_5e5m_B_#_A_3_43.pdb,5.869974613189697,,,,,,,,,,
6b0s_H_L_C,/home/kkh517/submit_files/Project/inference_fullepi/inference_pdb/inference_pdbs_OnlyRigid_lj/6b0s_H_L_C/53th_epi_6b0s_H_L_C/53th_epi_6b0s_H_L_C_3_43.pdb,1.2110404968261719,/home/kkh517/submit_files/Project/inference_fullepi/inference_pdb/inference_pdbs_OnlyRigid_lj/6b0s_H_L_C/54th_epi_6b0s_H_L_C/54th_epi_6b0s_H_L_C_3_43.pdb,1.2508076429367065,/home/kkh517/submit_files/Project/inference_fullepi/inference_pdb/inference_pdbs_OnlyRigid_lj/6b0s_H_L_C/55th_epi_6b0s_H_L_C/55th_epi_6b0s_H_L_C_3_43.pdb,1.3398748636245728,/home/kkh517/submit_files/Project/inference_fullepi/inference_pdb/inference_pdbs_OnlyRigid_lj/6b0s_H_L_C/44th_epi_6b0s_H_L_C/44th_epi_6b0s_H_L_C_3_43.pdb,1.975203275680542,/home/kkh517/submit_files/Project/inference_fullepi/inference_pdb/inference_pdbs_OnlyRigid_lj/6b0s_H_L_C/50th_epi_6b0s_H_L_C/50th_epi_6b0s_H_L_C_3_43.pdb,2.210094690322876,/home/kkh517/submit_files/Project/inference_fullepi/inference_pdb/inference_pdbs_OnlyRigid_lj/6b0s_H_L_C/37th_epi_6b0s_H_L_C/37th_epi_6b0s_H_L_C_3_43.pdb,2.6427106857299805
3hmx_H_L_A,/home/kkh517/submit_files/Project/inference_fullepi/inference_pdb/inference_pdbs_OnlyRigid_lj/3hmx_H_L_A/57th_epi_3hmx_H_L_A/57th_epi_3hmx_H_L_A_3_43.pdb,2.6229162216186523,/home/kkh517/submit_files/Project/inference_fullepi/inference_pdb/inference_pdbs_OnlyRigid_lj/3hmx_H_L_A/61th_epi_3hmx_H_L_A/61th_epi_3hmx_H_L_A_3_43.pdb,2.6925857067108154,/home/kkh517/submit_files/Project/inference_fullepi/inference_pdb/inference_pdbs_OnlyRigid_lj/3hmx_H_L_A/58th_epi_3hmx_H_L_A/58th_epi_3hmx_H_L_A_3_43.pdb,2.810166597366333,,,,,,
6ey6_I_#_AB,/home/kkh517/submit_files/Project/inference_fullepi/inference_pdb/inference_pdbs_OnlyRigid_lj/6ey6_I_#_AB/304th_epi_6ey6_I_#_AB/304th_epi_6ey6_I_#_AB_3_43.pdb,1.744739055633545,/home/kkh517/submit_files/Project/inference_fullepi/inference_pdb/inference_pdbs_OnlyRigid_lj/6ey6_I_#_AB/305th_epi_6ey6_I_#_AB/305th_epi_6ey6_I_#_AB_3_43.pdb,1.7505213022232056,/home/kkh517/submit_files/Project/inference_fullepi/inference_pdb/inference_pdbs_OnlyRigid_lj/6ey6_I_#_AB/306th_epi_6ey6_I_#_AB/306th_epi_6ey6_I_#_AB_3_43.pdb,1.7510157823562622,/home/kkh517/submit_files/Project/inference_fullepi/inference_pdb/inference_pdbs_OnlyRigid_lj/6ey6_I_#_AB/200th_epi_6ey6_I_#_AB/200th_epi_6ey6_I_#_AB_3_43.pdb,1.7675161361694336,/home/kkh517/submit_files/Project/inference_fullepi/inference_pdb/inference_pdbs_OnlyRigid_lj/6ey6_I_#_AB/303th_epi_6ey6_I_#_AB/303th_epi_6ey6_I_#_AB_3_43.pdb,1.7817420959472656,/home/kkh517/submit_files/Project/inference_fullepi/inference_pdb/inference_pdbs_OnlyRigid_lj/6ey6_I_#_AB/307th_epi_6ey6_I_#_AB/307th_epi_6ey6_I_#_AB_3_43.pdb,1.8139177560806274
3eo1_B_A_CF,/home/kkh517/submit_files/Project/inference_fullepi/inference_pdb/inference_pdbs_OnlyRigid_lj/3eo1_B_A_CF/66th_epi_3eo1_B_A_CF/66th_epi_3eo1_B_A_CF_3_43.pdb,2.838433027267456,/home/kkh517/submit_files/Project/inference_fullepi/inference_pdb/inference_pdbs_OnlyRigid_lj/3eo1_B_A_CF/47th_epi_3eo1_B_A_CF/47th_epi_3eo1_B_A_CF_3_43.pdb,3.871154546737671,,,,,,,,
5o1r_H_L_A,/home/kkh517/submit_files/Project/inference_fullepi/inference_pdb/inference_pdbs_OnlyRigid_lj/5o1r_H_L_A/31th_epi_5o1r_H_L_A/31th_epi_5o1r_H_L_A_3_43.pdb,1.206146478652954,/home/kkh517/submit_files/Project/inference_fullepi/inference_pdb/inference_pdbs_OnlyRigid_lj/5o1r_H_L_A/47th_epi_5o1r_H_L_A/47th_epi_5o1r_H_L_A_3_43.pdb,1.2106279134750366,/home/kkh517/submit_files/Project/inference_fullepi/inference_pdb/inference_pdbs_OnlyRigid_lj/5o1r_H_L_A/56th_epi_5o1r_H_L_A/56th_epi_5o1r_H_L_A_3_43.pdb,1.2203409671783447,/home/kkh517/submit_files/Project/inference_fullepi/inference_pdb/inference_pdbs_OnlyRigid_lj/5o1r_H_L_A/32th_epi_5o1r_H_L_A/32th_epi_5o1r_H_L_A_3_43.pdb,1.245609998703003,/home/kkh517/submit_files/Project/inference_fullepi/inference_pdb/inference_pdbs_OnlyRigid_lj/5o1r_H_L_A/30th_epi_5o1r_H_L_A/30th_epi_5o1r_H_L_A_3_43.pdb,1.251699686050415,/home/kkh517/submit_files/Project/inference_fullepi/inference_pdb/inference_pdbs_OnlyRigid_lj/5o1r_H_L_A/11th_epi_5o1r_H_L_A/11th_epi_5o1r_H_L_A_3_43.pdb,1.6412862539291382
4fp8_H_L_A,/home/kkh517/submit_files/Project/inference_fullepi/inference_pdb/inference_pdbs_OnlyRigid_lj/4fp8_H_L_A/155th_epi_4fp8_H_L_A/155th_epi_4fp8_H_L_A_3_43.pdb,4.283257007598877,,,,,,,,,,
5hgg_T_#_A,/home/kkh517/submit_files/Project/inference_fullepi/inference_pdb/inference_pdbs_OnlyRigid_lj/5hgg_T_#_A/29th_epi_5hgg_T_#_A/29th_epi_5hgg_T_#_A_3_43.pdb,1.4172171354293823,/home/kkh517/submit_files/Project/inference_fullepi/inference_pdb/inference_pdbs_OnlyRigid_lj/5hgg_T_#_A/216th_epi_5hgg_T_#_A/216th_epi_5hgg_T_#_A_3_43.pdb,1.4252294301986694,/home/kkh517/submit_files/Project/inference_fullepi/inference_pdb/inference_pdbs_OnlyRigid_lj/5hgg_T_#_A/215th_epi_5hgg_T_#_A/215th_epi_5hgg_T_#_A_3_43.pdb,1.4268403053283691,/home/kkh517/submit_files/Project/inference_fullepi/inference_pdb/inference_pdbs_OnlyRigid_lj/5hgg_T_#_A/197th_epi_5hgg_T_#_A/197th_epi_5hgg_T_#_A_3_43.pdb,1.4279476404190063,/home/kkh517/submit_files/Project/inference_fullepi/inference_pdb/inference_pdbs_OnlyRigid_lj/5hgg_T_#_A/30th_epi_5hgg_T_#_A/30th_epi_5hgg_T_#_A_3_43.pdb,1.4284647703170776,/home/kkh517/submit_files/Project/inference_fullepi/inference_pdb/inference_pdbs_OnlyRigid_lj/5hgg_T_#_A/198th_epi_5hgg_T_#_A/198th_epi_5hgg_T_#_A_3_43.pdb,1.4378283023834229
